quando	zona	codice	nome_catalogo	slug_vecchio	slug_nuovo	nome_file_nuovo	sha256
2026-08-01T09:54:57	Addominali e Core	EX143	Crunch braccia tese	crunch-braccia-tese	crunch-braccia-tese-dietro	Crunch braccia tese dietro.gif	f75678c6d93698a93a85d303a55d49816194805a6c17b46a03758fa6488be8fd
2026-08-01T10:07:44	Addominali e Core	EX154	Crunch inverso panca declinata	crunch-inverso-panca-declinata	crunch-inverso-gambe-tese-panca-declinata	Crunch inverso gambe tese panca declinata.gif	812433ff467d800b710942f4f0681e95e4979d16326ffd78f539e0cc6b60a01f
2026-08-01T10:09:29	Addominali e Core	EX142	Crunch macchina seduto	crunch-macchina-seduto	crunch-machine-seduto	Crunch machine seduto.gif	08d9567bda73be1a65ba357b64a46273d97ddbcd44d11b93b4ef3826840d518e
2026-08-01T10:12:04	Addominali e Core	EX146	Crunch mani al petto piedi a terra	crunch-mani-al-petto-piedi-a-terra	crunch-mani-al-petto	Crunch mani al petto.gif	dee44656eb14ccccb5912e9f9e7f18d6c40d7d8efd76e32692e62ab6a02023cc
2026-08-01T10:15:51	Addominali e Core	EX135	Crunch rotazione	crunch-rotazione	crunch-obliquo-rotazione	Crunch obliquo rotazione.gif	ff88ed7f2eb10f08adabd512a41f53139bf7f977dac31988a3f9959743583a89
2026-08-01T10:25:01	Addominali e Core	EX574	Crunch sospeso a testa in giù sbarra	crunch-sospeso-a-testa-in-giu-sbarra	trazione-sbarra-a-corpo-capovolto	Trazione sbarra a corpo capovolto.gif	22afdb58ecd597bb7fb607ebdfeae38d56f02ad40c6bc38cf9e9fe21f89457fb
2026-08-01T10:25:29	Addominali e Core	EX137	Crunch tocco caviglie	crunch-tocco-caviglie	crunch-obliquo-tocco-caviglie	Crunch obliquo tocco caviglie.gif	c0f97aeb98e14df7cfa6890dc96410e125ab8b4fd1668a8a8d3cae2fbc59920c
2026-08-01T10:28:14	Addominali e Core	EX136	Crunch sforbiciata gambe tese	crunch-sforbiciata-gambe-tese	crunch-sforbiciata-ampia	Crunch sforbiciata ampia.gif	3ea75a42f5e26de8ebaf03b25be6b7b4f346bd647d7ac67f368be4017827a945
2026-08-01T10:29:27	Addominali e Core	EX167	Flessione laterale busto panca inclinata	flessione-laterale-busto-panca-inclinata	flessione-laterale-busto-panca-romana	Flessione laterale busto panca romana.gif	f07568b057debfb90adf444320961ec3713e8dde28fd5e9fd86ef7eec3129388
2026-08-01T10:31:52	Addominali e Core	EX169	Knee raise sbarra in sospensione	knee-raise-sbarra-in-sospensione	sollevamento-gambe-piegate-in-sospensione	Sollevamento gambe piegate in sospensione.gif	fcd8aeea97c55cf7ccb887c6cc5fab69f453ca3e6d5f65398df8ea77e8bae055
2026-08-01T10:33:35	Addominali e Core	EX621	Lancio rotazionale palla medica al muro		lancio-rotazionale-palla-medica-al-muro	Lancio rotazionale palla medica al muro.gif	617cb4cb2139d7db8a4ba5de12a2f1f3d3f3137678d747bead589e25b56af8a5
2026-08-01T10:35:02	Addominali e Core	EX577	Piegamenti tocco incrociato	piegamenti-tocco-incrociato	piegamenti-tocco-incrociato-spalla	Piegamenti tocco incrociato spalla.gif	385d984e4c4a85e50f92ea7f643e227539ceaf552beb10aaaef010b6995a9776
2026-08-01T10:35:22	Addominali e Core	EX173	Pike fitball	pike-fitball	plank-pike-fitball	Plank pike fitball.gif	8cef3d0b8fef7f15d455e34aae7a74ffdc40dd430850a04def2c3a4766266388
2026-08-01T10:36:04	Addominali e Core	EX175	Plank avanti indietro avambracci	plank-avanti-indietro-avambracci	plank-avambracci-avanti-indietro	Plank avambracci avanti-indietro.gif	505dc2161792df03d74455fa36bd2cd108e3c901df0706580e2cda9d10d7f9b0
2026-08-01T10:53:45	Addominali e Core	EX174	Plank spider avambracci	plank-spider-avambracci	plank-spider	Plank spider.gif	4b30aadc0b8215eccf0bc8c5a2e7690dcff98da9b837b44b02045e1d242a053b
2026-08-01T10:54:20	Addominali e Core	EX622	Piegamenti con rotazione a T		piegamenti-con-rotazione-a-t	Piegamenti con rotazione a T.gif	a1e9102505f3dbaafea28c77da841f7495428e2cdc5a66e6e9215d30544c4907
2026-08-01T11:00:27	Addominali e Core	EX623	Retroversione bacino da supino		crunch-reverse	Crunch reverse.gif	f091bb852bb3acc0048f2ecab0fdda74f3c2372f71e42fbc37755458b775b9a2
2026-08-01T11:04:22	Addominali e Core	EX187	Sit-up mani dietro testa ginocchia flesse	sit-up-mani-dietro-testa-ginocchia-flesse	sit-up-mani-alla-nuca	Sit-up mani alla nuca.gif	8713086357a9ac26efaf1443a2c3b0c1b0617ff15bc0ef2f48519031e70050b7
2026-08-01T11:04:58	Addominali e Core	EX186	Sit-up panca declinata	sit-up-panca-declinata	sit-up-mani-alla-nuca-panca-declinata	Sit-up mani alla nuca panca declinata.gif	b5a55976308a5e698b85ead5d33d558dc8784f8bc2f5398569bdfb5484f72522
2026-08-01T11:06:35	Addominali e Core	EX194	V-up scambio fitball	v-up-scambio-fitball	v-up-fitball	V-up fitball.gif	1dcff63c2650851199baecae9f1a53b1e8379d880a41fff289f0b371050c1867
2026-08-01T11:08:22	Addominali e Core	EX191	V-sit sforbiciata verticale	v-sit-sforbiciata-verticale	v-sit-sforbiciata	V-sit sforbiciata.gif	aced220144894a63b2de5685e428d5744ce5393c5fb58fb49bc339fb4d06661e
2026-08-01T14:13:46	Addominali e Core	EX623	Retroversione bacino da supino		retroversione-bacino-da-supino	Retroversione bacino da supino.gif	f091bb852bb3acc0048f2ecab0fdda74f3c2372f71e42fbc37755458b775b9a2
2026-08-01T19:01:49	Bicipiti e Braccia	EX007	Curl bilanciere dritto arm blaster	curl-bilanciere-dritto-arm-blaster	curl-bilanciere-arm-blaster-in-piedi	Curl bilanciere arm blaster in piedi.gif	0c88aa9fafdaab6791e084af8e7c0b0cfcc8b9db51f03bbefff476e155809d94
2026-08-01T19:11:05	Bicipiti e Braccia	EX005	Curl bilanciere dritto panca Scott	curl-bilanciere-dritto-panca-scott	curl-bilanciere-panca-scott	Curl bilanciere panca Scott.gif	8ca2bd71da1a64e6a123b0d9f443a43a06678f1ea3f6ed37261363a3dbb21452
2026-08-01T19:20:23	Bicipiti e Braccia	EX007	Curl bilanciere dritto arm blaster	curl-bilanciere-dritto-arm-blaster	curl-bilanciere-arm-blaster	Curl bilanciere arm blaster.gif	0c88aa9fafdaab6791e084af8e7c0b0cfcc8b9db51f03bbefff476e155809d94
2026-08-01T19:20:42	Bicipiti e Braccia	EX024	Curl bilanciere dritto in piedi	curl-bilanciere-dritto-in-piedi	curl-bilanciere	Curl bilanciere.gif	ebc7b3bc992c0414df39ef1890b33ee5f2c87ea78862aa030ec46419bc28cceb
2026-08-01T19:20:58	Bicipiti e Braccia	EX005	Curl bilanciere dritto panca Scott	curl-bilanciere-dritto-panca-scott	curl-bilanciere-panca-scott-seduto	Curl bilanciere panca Scott seduto.gif	8ca2bd71da1a64e6a123b0d9f443a43a06678f1ea3f6ed37261363a3dbb21452
2026-08-01T19:22:37	Bicipiti e Braccia	EX271	Curl bilanciere EZ in piedi	curl-bilanciere-ez-in-piedi	curl-bilanciere-ez	Curl bilanciere EZ.gif	71fff98ef25b8091febeea6523349ccb281f0c40d42fa6724089a4741315bb5b
2026-08-01T19:23:37	Bicipiti e Braccia	EX294	Curl bilanciere EZ panca Scott	curl-bilanciere-ez-panca-scott	curl-bilanciere-ez-panca-scott-seduto	Curl bilanciere EZ panca Scott seduto.gif	5d1b1a9961c14988e329b6ba81455b24052ffc17ff9f97e71e844e8cd8d609fa
2026-08-01T19:31:20	Bicipiti e Braccia	EX300	Curl cavi alti croce	curl-cavi-alti-croce	curl-croce-cavi-alti	Curl croce cavi alti.gif	156c320ed56703816ea9002dd2c8b14b100b17328ddb2bba05806413caf4b74b
2026-08-01T19:33:34	Bicipiti e Braccia	EX301	Curl cavi bassi panca inclinata supino	curl-cavi-bassi-panca-inclinata-supino	curl-croci-cavi-bassi-panca-inclinata	Curl croci cavi bassi panca inclinata.gif	e63cb4fc0ec9b6b970b36a5c273eb14d91cc7f88a38b759cb2afd97ce5a16648
2026-08-01T19:35:58	Bicipiti e Braccia	EX302	Curl cavo alto barra dritta panca piana supino	curl-cavo-alto-barra-dritta-panca-piana-supino	curl-barra-cavo-medio-panca-piana	Curl barra cavo medio panca piana.gif	a07daa162b0b00bd1f16d18cb4081cb0d19d48338940440f97ddacd6b30e0672
2026-08-01T19:45:48	Bicipiti e Braccia	EX302	Curl cavo alto barra dritta panca piana supino	curl-cavo-alto-barra-dritta-panca-piana-supino	curl-barra-cavo-panca-piana	Curl barra cavo panca piana.gif	a07daa162b0b00bd1f16d18cb4081cb0d19d48338940440f97ddacd6b30e0672
2026-08-01T19:46:08	Bicipiti e Braccia	EX303	Curl cavo alto barra EZ	curl-cavo-alto-barra-ez	curl-cavo-barra-ez	Curl cavo barra EZ.gif	2a71887e548d59adefbafbd6415b3b1f09fcc92de3b79e974de6078a96bd8829
2026-08-01T19:47:25	Bicipiti e Braccia	EX306	Curl cavo basso panca inclinata supino	curl-cavo-basso-panca-inclinata-supino	curl-cavo-basso-panca-inclinata	Curl cavo basso panca inclinata.gif	592b046e71777ef5d512d6f6a05451e9ddc7a5ffe9cb3dc445766708ae1da1d5
2026-08-01T19:53:00	Bicipiti e Braccia	EX305	Curl cavo basso squat	curl-cavo-basso-squat	curl-squat-cavo-basso	Curl squat cavo basso.gif	85d258c5e5c3cbdb7fdbb7b9c4b2a43019a0f6dad6d952b95cbf2cb51fbd0ae0
2026-08-01T19:53:36	Bicipiti e Braccia	EX060	Curl hammer manubri alternato in piedi	curl-hammer-manubri-alternato-in-piedi	curl-hammer-manubri-alternato	Curl hammer manubri alternato.gif	7cd4e155d595c80c57a3adb1d4bbef4b6da3c2017b11df124c3558618fc59ffb
2026-08-01T20:49:00	Bicipiti e Braccia	EX308	Curl hammer cavo basso corda	curl-hammer-cavo-basso-corda	curl-hammer-corda-cavo-basso	Curl hammer corda cavo basso.gif	de137d952cb7d7f78f1ab87fe83f13dd1d299c30aa1718ff6f93eb49d1e7735a
2026-08-01T20:50:20	Bicipiti e Braccia	EX321	Curl hammer manubri in piedi	curl-hammer-manubri-in-piedi	curl-hammer-manubri	Curl hammer manubri.gif	c6b181e1adbbb8acce7236b96dfd05c964dccfaa40fce7946a7ee068e0f96210
2026-08-01T21:02:42	Bicipiti e Braccia	EX328	Curl hammer corda cavo basso un braccio	curl-hammer-corda-cavo-basso-un-braccio	curl-hammer-un-braccio-corda-cavo	Curl hammer un braccio corda cavo.gif	d09ec79df469cad51460a346f0a94d12e47fa8d91991190fd8a83f3be3e87183
2026-08-01T21:10:37	Bicipiti e Braccia	EX330	Curl hammer manubri un braccio seduto	curl-hammer-manubri-un-braccio-seduto	curl-hammer-manubri-un-braccio-panca-verticale	Curl hammer manubri un braccio panca verticale.gif	71e519e3de662dba66ea6fb2fbf58d27223cc73ac630952ed3cd8039232193fa
2026-08-01T21:14:01	Bicipiti e Braccia	EX311	Curl macchina seduto	curl-macchina-seduto	curl-macchina	Curl macchina.gif	b23dd5572648bf8d41829c8cd43e1af4d054dc54f2f300afe95cf3d90aaf326b
2026-08-01T21:14:32	Bicipiti e Braccia	EX092	Curl manubri alternato in piedi	curl-manubri-alternato-in-piedi	curl-alternato-manubri	Curl alternato manubri.gif	3151e8bf9d7d504b8d0147439783b832cdc0da584d99212ddfc82bcca47d6639
2026-08-01T21:15:55	Bicipiti e Braccia	EX061	Curl manubri alternato panca Scott	curl-manubri-alternato-panca-scott	curl-alternato-manubri-panca-scott	Curl alternato manubri panca Scott.gif	aabda92b172af018ede93d3432afb7c4ee1479bd0eb6f0ca18733f9be3a91f6a
2026-08-01T21:16:15	Bicipiti e Braccia	EX313	Curl manubri diagonale	curl-manubri-diagonale	curl-diagonale-manubri	Curl diagonale manubri.gif	a4eb3d58794d295b5e1fa8d9fbfd03460895cb37f5ec4dfc1277c6d2de516f50
2026-08-01T21:17:12	Bicipiti e Braccia	EX316	Curl manubri presa inversa	curl-manubri-presa-inversa	curl-presa-inversa-manubri	Curl presa inversa manubri.gif	12f9544b7683c6cd305b7b9ae6bbb43ad4931238372e206e002659c04a439923
2026-08-01T21:18:16	Bicipiti e Braccia	EX312	Curl manubri Zottman seduto	curl-manubri-zottman-seduto	curl-zottman-manubri-seduto	Curl Zottman manubri seduto.gif	5c5c14f9516abfa8acb509b0459238674976d2932e3555485ec5894159b86541
2026-08-01T21:22:01	Bicipiti e Braccia	EX324	Curl cavo alto un braccio	curl-cavo-alto-un-braccio	curl-un-braccio-cavo-alto	Curl un braccio cavo alto.gif	51bdbf003b2beb01529f2070ce19e30d527fb4bb11a81c68050d061110b6e8de
2026-08-01T21:22:49	Bicipiti e Braccia	EX325	Curl cavo basso un braccio dietro schiena	curl-cavo-basso-un-braccio-dietro-schiena	curl-un-braccio-dietro-schiena-cavo-basso	Curl un braccio dietro schiena cavo basso.gif	e7f4a84a29ab9ce26dbe4f602e3709a188e946ed73676f3846ed1ba69154615b
2026-08-01T21:23:44	Bicipiti e Braccia	EX326	Curl cavo basso un braccio panca Scott	curl-cavo-basso-un-braccio-panca-scott	curl-un-braccio-panca-scott-cavo-basso	Curl un braccio panca Scott cavo basso.gif	a827b3a82de603f2017cc296a30012f5b7d8c70af6e2a255fd25917a8227035d
2026-08-01T21:26:53	Bicipiti e Braccia	EX331	Curl manubri un braccio panca inclinata prono	curl-manubri-un-braccio-panca-inclinata-prono	curl-manubri-un-braccio-panca-inclinata	Curl manubri un braccio panca inclinata.gif	5f37b581eb891c314b5e47b8a9fee19eb532c244694e00ffdcc0f437429150c1
2026-08-01T21:27:17	Bicipiti e Braccia	EX331	Curl manubri un braccio panca inclinata prono	curl-manubri-un-braccio-panca-inclinata-prono	curl-un-braccio-manubrio-panca-inclinata	Curl un braccio manubrio panca inclinata.gif	5f37b581eb891c314b5e47b8a9fee19eb532c244694e00ffdcc0f437429150c1
2026-08-01T21:27:53	Bicipiti e Braccia	EX332	Curl manubri un braccio panca Scott	curl-manubri-un-braccio-panca-scott	curl-un-braccio-manubrio-panca-scott-seduto	Curl un braccio manubrio panca Scott seduto.gif	8899aec14507cb87c4366d67cf58d3bac65f1468eaeb7df9e3ee866d6cf5e29e
2026-08-01T21:28:41	Bicipiti e Braccia	EX333	Curl manubri un braccio panca Scott in piedi	curl-manubri-un-braccio-panca-scott-in-piedi	curl-un-braccio-manubrio-panca-scott-in-piedi	Curl un braccio manubrio panca Scott in piedi.gif	e6b380b854853346471dd3f5b6465192ab78650cdcf6084e7e90512618a76d77
2026-08-01T21:31:21	Bicipiti e Braccia	EX336	Curl manubri un braccio seduto	curl-manubri-un-braccio-seduto	curl-concentrato-un-braccio-manubrio-seduto	Curl concentrato un braccio manubrio seduto.gif	87500c87ff3afae691c8da96c458ae2a59916300b40181a01dda69c9c0cda637
2026-08-01T21:31:31	Bicipiti e Braccia	EX336	Curl manubri un braccio seduto	curl-manubri-un-braccio-seduto	curl-concentrato-un-braccio-manubrio	Curl concentrato un braccio manubrio.gif	87500c87ff3afae691c8da96c458ae2a59916300b40181a01dda69c9c0cda637
2026-08-01T21:31:53	Bicipiti e Braccia	EX012	Curl cavo basso un braccio in piedi	curl-cavo-basso-un-braccio-in-piedi	curl-un-braccio-cavo-basso-in-piedi	Curl un braccio cavo basso in piedi.gif	bddea1462b8a760bc8d5d6301d77a0960c2b319ad546683384400858f088f655
2026-08-01T21:35:08	Bicipiti e Braccia	EX327	Curl concentrato cavo basso seduto	curl-concentrato-cavo-basso-seduto	curl-concentrato-un-braccio-cavo-basso	Curl concentrato un braccio cavo basso.gif	c9430d092472cef84cb741d7e9d5e25f87d0f1da389f05f8bc9f67b7ec373bac
2026-08-01T21:42:43	Bicipiti e Braccia	EX340	Flessione polso hammer un braccio appoggio su coscia seduto	flessione-polso-hammer-un-braccio-appoggio-su-coscia-seduto	flessione-hammer-polso-un-braccio-seduto	Flessione hammer polso un braccio seduto.gif	76d2f9181e49365147d84aac3c712db81686d168a250db5964ecdf9ed3c88778
2026-08-01T21:46:02	Bicipiti e Braccia	EX347	Flessione polso disco un braccio appoggio seduto	flessione-polso-disco-un-braccio-appoggio-seduto	flessione-polso-disco-un-braccio-appoggiato	Flessione polso disco un braccio appoggiato.gif	f77453f55da146c234df3893307cfbdc0fe7bb32b4f03a8830f1d3ed5ad2090c
2026-08-01T21:46:14	Bicipiti e Braccia	EX348	Flessione polso manubrio un braccio appoggio seduto	flessione-polso-manubrio-un-braccio-appoggio-seduto	flessione-polso-manubrio-un-braccio-appoggiato	Flessione polso manubrio un braccio appoggiato.gif	0dff9668e678728ade02683def5e03bd430ae7317e39ade3a01e31458cf6e449
2026-08-01T21:46:49	Bicipiti e Braccia	EX347	Flessione polso disco un braccio appoggio seduto	flessione-polso-disco-un-braccio-appoggio-seduto	flessione-polso-un-braccio-appoggiato-disco	Flessione polso un braccio appoggiato disco.gif	f77453f55da146c234df3893307cfbdc0fe7bb32b4f03a8830f1d3ed5ad2090c
2026-08-01T21:47:33	Bicipiti e Braccia	EX347	Flessione polso disco un braccio appoggio seduto	flessione-polso-disco-un-braccio-appoggio-seduto	flessione-polso-un-braccio-disco	Flessione polso un braccio disco.gif	f77453f55da146c234df3893307cfbdc0fe7bb32b4f03a8830f1d3ed5ad2090c
2026-08-01T21:47:38	Bicipiti e Braccia	EX348	Flessione polso manubrio un braccio appoggio seduto	flessione-polso-manubrio-un-braccio-appoggio-seduto	flessione-polso-un-braccio-manubrio	Flessione polso un braccio manubrio.gif	0dff9668e678728ade02683def5e03bd430ae7317e39ade3a01e31458cf6e449
2026-08-01T21:53:12	Bicipiti e Braccia	EX347	Flessione polso disco un braccio appoggio seduto	flessione-polso-disco-un-braccio-appoggio-seduto	flessione-polso-disco	Flessione polso disco.gif	f77453f55da146c234df3893307cfbdc0fe7bb32b4f03a8830f1d3ed5ad2090c
2026-08-01T21:53:23	Bicipiti e Braccia	EX348	Flessione polso manubrio un braccio appoggio seduto	flessione-polso-manubrio-un-braccio-appoggio-seduto	flessione-polso-manubrio	Flessione polso manubrio.gif	0dff9668e678728ade02683def5e03bd430ae7317e39ade3a01e31458cf6e449
2026-08-02T14:59:04	Bicipiti e Braccia	EX315	Curl manubri panca inclinata	curl-manubri-panca-inclinata	curl-rotazione-manubri-panca-inclinata	Curl rotazione manubri panca inclinata.gif	b791447344f8fe1e44eff1d7a0cbc393e2e58ab66cc0b56432963aad30072ed3
2026-08-02T18:49:51	Cardio e Conditioning	EX588	Boxe diretto sacco	boxe-diretto-sacco	boxe-diretto-alternato-sacco	Boxe diretto alternato sacco.gif	f09679bc4e2443430734210c6347416d1ee8db5c66f5dda09ab16601f04a049c
2026-08-02T18:51:27	Cardio e Conditioning	EX589	Boxe diretto	boxe-diretto	boxe-diretto-alternato	Boxe diretto alternato.gif	39773120a5975eabdbe9761cc390e2f20df43b15221fb628ec08e530a83f5a1e
2026-08-02T18:52:25	Cardio e Conditioning	EX588	Boxe diretto sacco	boxe-diretto-sacco	boxe-diretto-al-sacco	Boxe diretto al sacco.gif	f09679bc4e2443430734210c6347416d1ee8db5c66f5dda09ab16601f04a049c
2026-08-02T18:57:47	Cardio e Conditioning	EX053	Boxe diretti alternati	boxe-diretti-alternati	boxe-pugni-alternati	Boxe pugni alternati.gif	c33c8c8ffd956d844aec76da14aed626159a5923a7f8ed0d9a965b917701bb99
2026-08-02T19:04:39	Cardio e Conditioning	EX598	Corsa zigzag conetti	corsa-zigzag-conetti	corsa-zigzag-con-conetti	Corsa zigzag con conetti.gif	b0b7a875ad6652b6ff7595b788c1769cd630a027b42cc9c73bc0f13b92fb9320
2026-08-02T19:05:58	Cardio e Conditioning	EX599	Corsa laterale scaletta agilità	corsa-laterale-scaletta-agilita	corsa-laterale-agile-con-scaletta	Corsa laterale agile con scaletta.gif	2bbbf4d8c436bda829c556e34f906d0799e2325ca84eeac6a261e99224881f07
2026-08-02T19:09:47	Cardio e Conditioning	EX610	Jumping rimbalzi	jumping-rimbalzi	jumping-rimbalzato	Jumping rimbalzato.gif	2a8d176a026434c3b5c8ddcaf0495237e8bcb4fab76a95b5ff0c40a5f09de940
2026-08-03T06:40:29	Gambe e Glutei	EX259	Squat cavi doppi bassi	squat-cavi-doppi-bassi	squat-cavi-bassi	Squat cavi bassi.gif	312a834ecbd28e0dce80d2c2313590dae1c70e49e4791b0cbf55d2dbcef2772b
2026-08-03T06:42:58	Gambe e Glutei	EX647	Squat calcio laterale tocco tallone	squat-calcio-laterale-tocco-tallone	squat-calcio-laterale	Squat calcio laterale.gif	8678172072528fb0150ffca39c5fd3c68d445cf20e8a4d9d75c0aaea9472f753
2026-08-03T06:46:31	Gambe e Glutei	EX081	Squat frontale bilanciere	squat-frontale-bilanciere	squat-bilanciere-frontale	Squat bilanciere frontale.gif	e6605bcdad3f6579d265e0d2d0bb69efbb2ff7e6dc2067d954619c89f7413e6e
2026-08-03T06:48:21	Gambe e Glutei	EX645	Squat goblet kettlebell elastico	squat-goblet-kettlebell-elastico	squat-goblet-kettlebell-banda	Squat goblet kettlebell banda.gif	79aef9ca93ec5cac7ab66d2c5dbc7df03e8cc680af566f85cb2817601d7d924b
2026-08-03T06:49:19	Gambe e Glutei	EX262	Squat hack machine inverso	squat-hack-machine-inverso	squat-inverso-hack-machine	Squat inverso hack machine.gif	75328f32765c95024ca5c537ccd38b7c1bf80c77194d6624bb839445823c7d9f
2026-08-03T06:50:22	Gambe e Glutei	EX045	Squat parete fitball corpo libero	squat-parete-fitball-corpo-libero	squat-parete-fitball	Squat parete fitball.gif	6ba72710aed06cd82a34d53c5f6fe1e0f34aa80d70570a8403da04bc5e41a1cb
2026-08-03T11:43:54	Gambe e Glutei	EX274	Squat su panca manubri	squat-su-panca-manubri	squat-manubri-seduto-su-panca	Squat manubri seduto su panca.gif	b66a750d54c81cfbb67564ccb2685e720b21d203fde5deca84679b38d41c69e9
2026-08-03T11:45:01	Gambe e Glutei	EX275	Squat sumo corpo libero braccia distese	squat-sumo-corpo-libero-braccia-distese	squat-sumo-corpo-libero	Squat sumo corpo libero.gif	41ca83090ef0db41dac62df77a8519c30f8bba6b32095d86bba7b53ebbd74572
2026-08-03T11:48:07	Gambe e Glutei	EX655	Squat wall sit inclinazione alternato	squat-wall-sit-inclinazione-alternato	squat-wall-sit-inclinazione-alternata	Squat wall sit inclinazione alternata.gif	1a35a3fe2f3b857ae0464ad22cd4958ba5ed49a185719a7d157ae4fcc99af38a
2026-08-03T11:49:26	Gambe e Glutei	EX651	Squat wall ball palla medica	squat-wall-ball-palla-medica	squat-wall-palla-medica	Squat wall palla medica.gif	710f513cf7df6749f80653e9e87dc022f047eb426f0ea4bd5238d538877c3612
2026-08-03T11:51:02	Gambe e Glutei	EX045	Squat parete fitball corpo libero	squat-parete-fitball-corpo-libero	squat-wall-fitball	Squat wall fitball.gif	6ba72710aed06cd82a34d53c5f6fe1e0f34aa80d70570a8403da04bc5e41a1cb
2026-08-03T11:51:59	Gambe e Glutei	EX266	Squat bilanciere sumo	squat-bilanciere-sumo	squat-sumo-bilanciere	Squat sumo bilanciere.gif	d2bb04e1246596210448c7666bd6e48e1be9e4cebdeea4c0ff836153b5a1601f
2026-08-03T11:53:37	Gambe e Glutei	EX047	Squat bulgaro unilaterale a corpo libero	squat-bulgaro-unilaterale-a-corpo-libero	squat-bulgaro-a-corpo-libero	Squat bulgaro a corpo libero.gif	28dd4732693d7d04fdafa88db627dd12e38dd0671a59b0dd3bf1e56ff835d599
2026-08-03T11:57:24	Gambe e Glutei	EX047	Squat bulgaro unilaterale a corpo libero	squat-bulgaro-unilaterale-a-corpo-libero	squat-bulgaro-corpo-libero	Squat bulgaro corpo libero.gif	28dd4732693d7d04fdafa88db627dd12e38dd0671a59b0dd3bf1e56ff835d599
2026-08-03T14:49:36	Gambe e Glutei	EX643	Squat pistol al box	squat-pistol-al-box	pistol-squat-al-box	Pistol squat al box.gif	96f55e295049a643332324a8fbe7f8049b54dd3fbb121c464018916b10ec04a4
2026-08-03T14:52:22	Gambe e Glutei	EX643	Squat pistol al box	squat-pistol-al-box	pistol-squat-su-box	Pistol squat su box.gif	96f55e295049a643332324a8fbe7f8049b54dd3fbb121c464018916b10ec04a4
2026-08-03T14:59:31	Gambe e Glutei	EX015	Affondo alternato corpo libero	affondo-alternato-corpo-libero	affondo-corpo-libero-sul-posto	Affondo corpo libero sul posto.gif	c200128141d1be1956108ec277f6cf44565152f36682f23bf3df7eb8f9777001
2026-08-03T15:00:58	Gambe e Glutei	EX015	Affondo alternato	affondo-alternato	affondo-avanti-alternato	Affondo avanti alternato.gif	e7c875251c94a43e7a7606b6e062338cb68dfd5680461ff0af4eab1a6aa55ea9
2026-08-03T15:24:20	Gambe e Glutei	EX214	Affondo bilanciere	affondo-bilanciere	affondo-bilanciere-sul-posto	Affondo bilanciere sul posto.gif	1520562ea588eec8b3724f02472a050f41e66d0a382088a9b75e263693066683
2026-08-03T15:27:20	Gambe e Glutei	EX039	Affondo posteriore	affondo-posteriore	affondo-indietro-manubri	Affondo indietro manubri.gif	b72a1e6cf4fdd01f8f30e6769e039678bbf9e724796db8938743d78a33fcb476
2026-08-03T15:29:08	Gambe e Glutei	EX637	Affondo laterale	affondo-laterale	affondo-laterale-alternato	Affondo laterale alternato.gif	42049265076674d662e70b46efeb83bbad46796f76f3172acbaa0e35d4844b8c
2026-08-03T15:30:57	Gambe e Glutei	EX633	Affondo split maniglie elastico	affondo-split-maniglie-elastico	affondo-maniglie-elastico-sul-posto	Affondo maniglie elastico sul posto.gif	7d11efd0eaef29bc0a76539aa48caa720e2f5df4a03e4c099d693ac70b719972
2026-08-03T15:36:39	Gambe e Glutei	EX642	Leg press elastico supino alternato	leg-press-elastico-supino-alternato	leg-press-alternato-barra-elastico-supino	Leg press alternato barra elastico supino.gif	20162d5031162702b4b9dac80e9296b8584b342ed6d1103e97a932582c764b85
2026-08-03T15:37:57	Gambe e Glutei	EX249	Leg press 45 gradi entrambe le gambe	leg-press-45-gradi-entrambe-le-gambe	leg-press-45-gradi	Leg press 45 gradi.gif	8df5f83c669593ebe552cef07e968c55215addc14e0ff8a45f2c57000a4c227d
2026-08-03T15:48:14	Gambe e Glutei	EX640	Hip hinge monopodalico elastico	hip-hinge-monopodalico-elastico	stacco-rumeno-una-gamba-maniglie-elastico	Stacco rumeno una gamba maniglie elastico.gif	71966d49b0618b868e2d563e52f723fe8a435c6fbecb028e40199c0b173ce415
2026-08-03T15:50:40	Gambe e Glutei	EX652	Stacco monopodalico	stacco-monopodalico	stacco-rumeno-una-gamba	Stacco rumeno una gamba.gif	3a3d0c676837b5a88739ff2a73561742db542f346884bea20cbff64637d32711
2026-08-03T15:51:25	Gambe e Glutei	EX287	Stacco rumeno una gamba corpo libero palla medica	stacco-rumeno-una-gamba-corpo-libero-palla-medica	stacco-rumeno-una-gamba-palla-medica	Stacco rumeno una gamba palla medica.gif	e874d1e8ebf510af12771ecbf13641202d00f611565b0934fc909b699a8021ee
2026-08-03T16:01:22	Gambe e Glutei	EX096	Flessione nordica corpo libero	flessione-nordica-corpo-libero	flessione-nordica	Flessione nordica.gif	a618650368f6b351b0b04d6845cc7253a241bf018d9ccc1549f65b2c645b9264
2026-08-03T16:28:41	Gambe e Glutei	EX096	Flessione nordica corpo libero	flessione-nordica-corpo-libero	nordic-curl-panca-romana	Nordic curl panca romana.gif	a618650368f6b351b0b04d6845cc7253a241bf018d9ccc1549f65b2c645b9264
2026-08-03T16:30:46	Gambe e Glutei	EX238	Iperestensione inversa panca	iperestensione-inversa-panca	iperestensione-inversa-panca-romana	Iperestensione inversa panca romana.gif	ede3cfa8877ccbb21d3ac3171a66670f2287ebc5ccbe498e862f114a327ea720
2026-08-03T16:35:50	Gambe e Glutei	EX247	Leg curl macchina ginocchio rialzato	leg-curl-macchina-ginocchio-rialzato	leg-curl-una-gamba-macchina-ginocchio-rialzato	Leg curl una gamba macchina ginocchio rialzato.gif	fe67588edbb890cb52a23bb0f1f803db130a1dbf8b6638260c09d9d96197fa06
2026-08-03T16:38:41	Gambe e Glutei	EX644	Reverse hyper elastico panca	reverse-hyper-elastico-panca	reverse-hyper-elastico-panca-piana	Reverse hyper elastico panca piana.gif	d323698d14233764d5922c7d01c4bffce78c33ad135da2a27fb2de5ef175a276
2026-08-03T16:42:59	Gambe e Glutei	EX017	Hip thrust bilanciere	hip-thrust-bilanciere	hip-thrust-bilanciere-panca-piana	Hip thrust bilanciere panca piana.gif	7f6b35aebf337bcc17c4cdcb626103cad242f99c7bdadb448ee5319fd994b8e9
2026-08-03T16:45:29	Gambe e Glutei	EX017	Hip thrust bilanciere	hip-thrust-bilanciere	hip-thrust-bilanciere-spalle-su-panca	Hip thrust bilanciere spalle su panca.gif	7f6b35aebf337bcc17c4cdcb626103cad242f99c7bdadb448ee5319fd994b8e9
2026-08-03T16:47:40	Gambe e Glutei	EX233	Hip thrust corpo libero	hip-thrust-corpo-libero	hip-thrust-corpo-libero-spalle-su-panca	Hip thrust corpo libero spalle su panca.gif	b69d54b222fe7dc9fd5a9a7dff483a0a4226e179d26a3b7fbcc42ad6abe3b5b6
2026-08-03T16:48:25	Gambe e Glutei	EX234	Hip thrust multipower	hip-thrust-multipower	hip-thrust-multipower-spalle-su-panca	Hip thrust multipower spalle su panca.gif	0441b07c3842e386dda79f93d46f2afad2d6c8dda5ca857bd1f8035a112e6a57
2026-08-03T16:49:39	Gambe e Glutei	EX017	Hip thrust bilanciere	hip-thrust-bilanciere	hip-thrust-bilanciere-panca	Hip thrust bilanciere panca.gif	7f6b35aebf337bcc17c4cdcb626103cad242f99c7bdadb448ee5319fd994b8e9
2026-08-03T16:49:59	Gambe e Glutei	EX233	Hip thrust corpo libero	hip-thrust-corpo-libero	hip-thrust-corpo-libero-panca	Hip thrust corpo libero panca.gif	b69d54b222fe7dc9fd5a9a7dff483a0a4226e179d26a3b7fbcc42ad6abe3b5b6
2026-08-03T16:50:21	Gambe e Glutei	EX234	Hip thrust multipower	hip-thrust-multipower	hip-thrust-multipower-panca	Hip thrust multipower panca.gif	0441b07c3842e386dda79f93d46f2afad2d6c8dda5ca857bd1f8035a112e6a57
2026-08-03T16:51:42	Gambe e Glutei	EX236	Hip thrust talloni elevati corpo libero	hip-thrust-talloni-elevati-corpo-libero	hip-thrust-talloni-elevati	Hip thrust talloni elevati.gif	35f7947997e152eedbddeb78f86782be19495cd01bfa8a2307e7adfde157d77b
2026-08-03T17:11:00	Gambe e Glutei	EX237	Hip thrust unilaterale corpo libero	hip-thrust-unilaterale-corpo-libero	hip-thrust-una-gamba-panca	Hip thrust una gamba panca.gif	76067cc0a70a14efbd3d24f4bc8be2e041c95b3eb82d8443f0da101b860ad038
2026-08-03T17:15:43	Gambe e Glutei	EX019	Ponte glutei corpo libero	ponte-glutei-corpo-libero	ponte-glutei	Ponte glutei.gif	58825f7b669b759a54fb2df628b95dde97b52d45b404280ef4edd611c87257a9
2026-08-03T17:15:51	Gambe e Glutei	EX254	Ponte glutei frog pump corpo libero	ponte-glutei-frog-pump-corpo-libero	ponte-glutei-frog-pump	Ponte glutei frog pump.gif	ca76398a9a97a43247d3012102edc70b536642e2270d0fefa08ececb4c80cc46
2026-08-03T17:26:54	Gambe e Glutei	EX198	Abduzione cavo	abduzione-cavo	abduzione-una-gamba-cavo	Abduzione una gamba cavo.gif	26bd85ebbc14d6d894c757fff7c01e1f3b1bf7737b41a10b5307dfdd11116904
2026-08-03T17:28:27	Gambe e Glutei	EX197	Abduzione corpo libero con appoggio	abduzione-corpo-libero-con-appoggio	abduzione-con-appoggio	Abduzione con appoggio.gif	6af8638aea63e98ec4bce399caef862421d70e54f1b93a80719fc77ddaac656d
2026-08-03T17:29:39	Gambe e Glutei	EX197	Abduzione corpo libero con appoggio	abduzione-corpo-libero-con-appoggio	abduzione-appoggio-in-piedi	Abduzione appoggio in piedi.gif	6af8638aea63e98ec4bce399caef862421d70e54f1b93a80719fc77ddaac656d
2026-08-03T17:31:22	Gambe e Glutei	EX199	Abduzione macchina spinta laterale	abduzione-macchina-spinta-laterale	abduzione-una-gamba-macchina-spinta-laterale	Abduzione una gamba macchina spinta laterale.gif	2e41cb245a580273b33089a600781079868d652293d8b415f9c0444bc6df7d97
2026-08-03T17:33:04	Gambe e Glutei	EX638	Camminata laterale elastico caviglie	camminata-laterale-elastico-caviglie	camminata-laterale-elastico	Camminata laterale elastico.gif	615827e78ad806768b9deaa68d7f4f3e4f4be53724e2b3160c252175907096d1
2026-08-03T17:34:56	Gambe e Glutei	EX218	Donkey kick corpo libero avambracci a terra	donkey-kick-corpo-libero-avambracci-a-terra	donkey-kick-una-gamba-avambracci-a-terra	Donkey kick una gamba avambracci a terra.gif	5599f5fbeb64e446a40f88a24259976360b98dc6e73cc3efe2a7ee12b2c8e76c
2026-08-03T17:35:30	Gambe e Glutei	EX217	Donkey kick corpo libero mani a terra	donkey-kick-corpo-libero-mani-a-terra	donkey-kick-una-gamba-mani-a-terra	Donkey kick una gamba mani a terra.gif	2f33257ee046083d5e52ef7369a19ca36fcba6b4b4ee623ac1f2ec268fdc615c
2026-08-03T17:37:15	Gambe e Glutei	EX220	Donkey kick gamba tesa panca	donkey-kick-gamba-tesa-panca	donkey-kick-una-gamba-tesa-panca	Donkey kick una gamba tesa panca.gif	8d226f8371aa8b5867e5272d1e4f49df2816e8f4f553e806f1c99af0f2fd19eb
2026-08-03T17:37:45	Gambe e Glutei	EX639	Donkey kick elastico quadrupedia	donkey-kick-elastico-quadrupedia	donkey-kick-una-gamba-elastico-quadrupedia	Donkey kick una gamba elastico quadrupedia.gif	1805d106e06b98da16dabf757d6434eaaf81d0947b4284348d57d7be030464f6
2026-08-03T17:38:35	Gambe e Glutei	EX219	Donkey kick macchina	donkey-kick-macchina	donkey-kick-una-gamba-macchina	Donkey kick una gamba macchina.gif	d5ba21d65a6d2480506e35b47dacc8db49ed73895fbd400eeb7d5be7e5095b2e
2026-08-03T17:39:21	Gambe e Glutei	EX218	Donkey kick corpo libero avambracci a terra	donkey-kick-corpo-libero-avambracci-a-terra	donkey-kick-avambracci-a-terra	Donkey kick avambracci a terra.gif	5599f5fbeb64e446a40f88a24259976360b98dc6e73cc3efe2a7ee12b2c8e76c
2026-08-03T17:39:28	Gambe e Glutei	EX217	Donkey kick corpo libero mani a terra	donkey-kick-corpo-libero-mani-a-terra	donkey-kick-mani-a-terra	Donkey kick mani a terra.gif	2f33257ee046083d5e52ef7369a19ca36fcba6b4b4ee623ac1f2ec268fdc615c
2026-08-03T17:39:44	Gambe e Glutei	EX220	Donkey kick gamba tesa panca	donkey-kick-gamba-tesa-panca	donkey-kick-tesa-panca	Donkey kick tesa panca.gif	8d226f8371aa8b5867e5272d1e4f49df2816e8f4f553e806f1c99af0f2fd19eb
2026-08-03T17:43:29	Gambe e Glutei	EX221	Estensione anca appoggio bilanciere	estensione-anca-appoggio-bilanciere	estensione-anca-con-appoggio	Estensione anca con appoggio.gif	680dae8c4cc422aa7b26097083317b838d5eee2e927738a43f99d82de938f7f8
2026-08-03T17:43:40	Gambe e Glutei	EX223	Estensione anca cavo basso busto flesso	estensione-anca-cavo-basso-busto-flesso	estensione-anca-cavo-busto-flesso	Estensione anca cavo busto flesso.gif	42c8d4637ea6b6659f1bdaf0f0d4d6a3334c08f96d0a9039b457af0e3d65b202
2026-08-03T17:44:49	Gambe e Glutei	EX221	Estensione anca appoggio bilanciere	estensione-anca-appoggio-bilanciere	estensione-anca-elastico-con-appoggio	Estensione anca elastico con appoggio.gif	680dae8c4cc422aa7b26097083317b838d5eee2e927738a43f99d82de938f7f8
2026-08-03T17:45:49	Gambe e Glutei	EX223	Estensione anca cavo basso busto flesso	estensione-anca-cavo-basso-busto-flesso	estensione-anca-cavo-busto-flesso-con-appoggio	Estensione anca cavo busto flesso con appoggio.gif	42c8d4637ea6b6659f1bdaf0f0d4d6a3334c08f96d0a9039b457af0e3d65b202
2026-08-03T17:46:47	Gambe e Glutei	EX224	Estensione anca cavo basso	estensione-anca-cavo-basso	estensione-anca-cavo-basso-con-appoggio	Estensione anca cavo basso con appoggio.gif	87fea7deeed06a9a924b0eee4517a48c740fd76b40ed8c78e78ffe88e69a92e4
2026-08-03T17:51:40	Gambe e Glutei	EX228	Estensione anca bilanciere	estensione-anca-bilanciere	stacco-rumeno-una-gamba-bilanciere	Stacco rumeno una gamba bilanciere.gif	cb6e1394da0aa481bff8c8b45a5af8d6168db7cb039ad43bab61fbb426e3a41d
2026-08-03T18:23:44	Gambe e Glutei	EX226	Estensione anca macchina graviton	estensione-anca-macchina-graviton	estensione-anca-macchina	Estensione anca macchina.gif	8f88a46d9caaaedd3213f089a348da6a9391dfbcdfe19ce54be18e937946e0ca
2026-08-04T15:34:32	Gambe e Glutei	EX221	Estensione anca appoggio bilanciere	estensione-anca-appoggio-bilanciere	estensione-anca-elastico	Estensione anca elastico.gif	680dae8c4cc422aa7b26097083317b838d5eee2e927738a43f99d82de938f7f8
2026-08-04T15:35:38	Gambe e Glutei	EX223	Estensione anca cavo basso busto flesso	estensione-anca-cavo-basso-busto-flesso	estensione-anca-cavo-busto-flesso	Estensione anca cavo busto flesso.gif	42c8d4637ea6b6659f1bdaf0f0d4d6a3334c08f96d0a9039b457af0e3d65b202
2026-08-04T15:36:59	Gambe e Glutei	EX224	Estensione anca cavo basso	estensione-anca-cavo-basso	estensione-anca-cavo	Estensione anca cavo.gif	87fea7deeed06a9a924b0eee4517a48c740fd76b40ed8c78e78ffe88e69a92e4
2026-08-04T15:39:41	Gambe e Glutei	EX229	Estensione anca manubri	estensione-anca-manubri	stacco-rumeno-una-gamba-manubri-2	Stacco rumeno una gamba manubri 2.gif	798e02e869473d099d444a79fbc8cc3521e07aa77e00eaadc6590329df5661b0
2026-08-04T15:40:59	Gambe e Glutei	EX202	Adduzione cavo	adduzione-cavo	adduzione-anca-cavo	Adduzione anca cavo.gif	3facf6f34e005363ea433aae0adb89d74dada495582b5b252ee35ecc45ca1713
2026-08-04T15:42:43	Gambe e Glutei	EX201	Adduzione anca decubito laterale	adduzione-anca-decubito-laterale	adduzione-anca-decubito-laterale-gamba-tesa	Adduzione anca decubito laterale gamba tesa.gif	ffafbba8e1069936d293fc38c2ffadbb0ac12455dd6db446986ddf32a6a5a65d
2026-08-04T15:42:47	Gambe e Glutei	EX201	Adduzione corpo libero sdraiato laterale	adduzione-corpo-libero-sdraiato-laterale	adduzione-anca-decubito-laterale-piede-in-appoggio	Adduzione anca decubito laterale piede in appoggio.gif	50a3a7eec880b7ebcc23d11d0b7a3c4cd6d3bf4024540840e3d8178a61b2366b
2026-08-04T15:43:35	Gambe e Glutei	EX203	Adduzione macchina in piedi	adduzione-macchina-in-piedi	adduzione-una-gamba-macchina-in-piedi	Adduzione una gamba macchina in piedi.gif	0f67caeb3f0b76a301340fa1fc9727c8318f541e1daa73dd9917e73daa8c9347
2026-08-04T15:44:41	Gambe e Glutei	EX215	Calf raise corpo libero su gradino	calf-raise-corpo-libero-su-gradino	calf-raise-su-gradino	Calf raise su gradino.gif	f0b3ea76e173a770e298e65e242c0fb83a1bc27626d2be726388b18e7ee3cafd
2026-08-04T15:47:37	Gambe e Glutei	EX212	Affondo pliometrico manubri	affondo-pliometrico-manubri	jumping-pliometrico-manubri	Jumping pliometrico manubri.gif	167ca90a26b517f4ad08e4f2b4021b824e8ad5e9ffc5e6ef1875532f2f309b5e
2026-08-04T15:53:25	Gambe e Glutei	EX636	Affondo jump lunge	affondo-jump-lunge	jumping-split-lunge	Jumping split lunge.gif	249d59842be2bebb1397aee4461028ba5b345f2668ab7f347013a68c87869813
2026-08-04T15:53:59	Gambe e Glutei	EX613	Salto monopodalico avanti	salto-monopodalico-avanti	salto-una-gamba-avanti	Salto una gamba avanti.gif	b719429ca7eef77fd59fcd5aa6981695e944c96825ca7d7a28ebb47a753bc350
2026-08-04T15:58:52	Gambe e Glutei	EX609	Pistol jump box	pistol-jump-box	jumping-pistol-box-2	Jumping pistol box 2.gif	53bf44b9de47012f4f6c6581e0bad3f19ce3b2b225e970e8413637a117c6005c
